date;yield
01/01/2010;3.387
04/01/2010;3.391
05/01/2010;3.373
06/01/2010;3.381
07/01/2010;3.37
08/01/2010;3.385
11/01/2010;3.347
12/01/2010;3.313
13/01/2010;3.303
14/01/2010;3.298
15/01/2010;3.262
18/01/2010;3.248
19/01/2010;3.277
20/01/2010;3.223
21/01/2010;3.207
22/01/2010;3.215
25/01/2010;3.217
26/01/2010;3.207
27/01/2010;3.2
28/01/2010;3.201
29/01/2010;3.196
01/02/2010;3.186
02/02/2010;3.195
03/02/2010;3.223
04/02/2010;3.163
05/02/2010;3.12
08/02/2010;3.145
09/02/2010;3.152
10/02/2010;3.198
11/02/2010;3.234
12/02/2010;3.192
15/02/2010;3.204
16/02/2010;3.205
17/02/2010;3.194
18/02/2010;3.251
19/02/2010;3.285
22/02/2010;3.27
23/02/2010;3.167
24/02/2010;3.135
25/02/2010;3.11
26/02/2010;3.101
01/03/2010;3.108
02/03/2010;3.116
03/03/2010;3.138
04/03/2010;3.123
05/03/2010;3.156
08/03/2010;3.165
09/03/2010;3.132
10/03/2010;3.153
11/03/2010;3.179
12/03/2010;3.167
15/03/2010;3.155
16/03/2010;3.139
17/03/2010;3.111
18/03/2010;3.127
19/03/2010;3.109
22/03/2010;3.07
23/03/2010;3.056
24/03/2010;3.079
25/03/2010;3.152
26/03/2010;3.15
29/03/2010;3.132
30/03/2010;3.11
31/03/2010;3.092
01/04/2010;3.088
02/04/2010;3.088
05/04/2010;3.09
06/04/2010;3.143
07/04/2010;3.119
08/04/2010;3.096
09/04/2010;3.166
12/04/2010;3.177
13/04/2010;3.146
14/04/2010;3.138
15/04/2010;3.132
16/04/2010;3.084
19/04/2010;3.078
20/04/2010;3.098
21/04/2010;3.079
22/04/2010;3.052
23/04/2010;3.061
26/04/2010;3.046
27/04/2010;2.939
28/04/2010;3.037
29/04/2010;3.062
30/04/2010;3.017
03/05/2010;3.065
04/05/2010;2.949
05/05/2010;2.861
06/05/2010;2.793
07/05/2010;2.797
10/05/2010;2.955
11/05/2010;2.937
12/05/2010;2.942
13/05/2010;2.94
14/05/2010;2.86
17/05/2010;2.863
18/05/2010;2.831
19/05/2010;2.766
20/05/2010;2.685
21/05/2010;2.666
24/05/2010;2.655
25/05/2010;2.578
26/05/2010;2.645
27/05/2010;2.704
28/05/2010;2.682
31/05/2010;2.66
01/06/2010;2.675
02/06/2010;2.655
03/06/2010;2.676
04/06/2010;2.584
07/06/2010;2.563
08/06/2010;2.512
09/06/2010;2.567
10/06/2010;2.61
11/06/2010;2.566
14/06/2010;2.638
15/06/2010;2.674
16/06/2010;2.671
17/06/2010;2.663
18/06/2010;2.729
21/06/2010;2.766
22/06/2010;2.692
23/06/2010;2.647
24/06/2010;2.602
25/06/2010;2.611
28/06/2010;2.585
29/06/2010;2.559
30/06/2010;2.577
01/07/2010;2.566
02/07/2010;2.583
05/07/2010;2.543
06/07/2010;2.589
07/07/2010;2.598
08/07/2010;2.632
09/07/2010;2.634
12/07/2010;2.589
13/07/2010;2.641
14/07/2010;2.655
15/07/2010;2.653
16/07/2010;2.606
19/07/2010;2.65
20/07/2010;2.636
21/07/2010;2.638
22/07/2010;2.665
23/07/2010;2.706
26/07/2010;2.761
27/07/2010;2.77
28/07/2010;2.749
29/07/2010;2.717
30/07/2010;2.669
02/08/2010;2.698
03/08/2010;2.607
04/08/2010;2.604
05/08/2010;2.562
06/08/2010;2.519
09/08/2010;2.525
10/08/2010;2.537
11/08/2010;2.428
12/08/2010;2.421
13/08/2010;2.393
16/08/2010;2.33
17/08/2010;2.363
18/08/2010;2.347
19/08/2010;2.312
20/08/2010;2.271
23/08/2010;2.286
24/08/2010;2.18
25/08/2010;2.146
26/08/2010;2.157
27/08/2010;2.2
30/08/2010;2.135
31/08/2010;2.116
01/09/2010;2.224
02/09/2010;2.283
03/09/2010;2.354
06/09/2010;2.336
07/09/2010;2.255
08/09/2010;2.297
09/09/2010;2.336
10/09/2010;2.4
13/09/2010;2.427
14/09/2010;2.371
15/09/2010;2.404
16/09/2010;2.478
17/09/2010;2.427
20/09/2010;2.467
21/09/2010;2.453
22/09/2010;2.349
23/09/2010;2.285
24/09/2010;2.342
27/09/2010;2.269
28/09/2010;2.246
29/09/2010;2.24
30/09/2010;2.278
01/10/2010;2.286
04/10/2010;2.252
05/10/2010;2.279
06/10/2010;2.224
07/10/2010;2.262
08/10/2010;2.254
11/10/2010;2.272
12/10/2010;2.243
13/10/2010;2.282
14/10/2010;2.295
15/10/2010;2.371
18/10/2010;2.385
19/10/2010;2.414
20/10/2010;2.44
21/10/2010;2.484
22/10/2010;2.474
25/10/2010;2.45
26/10/2010;2.507
27/10/2010;2.565
28/10/2010;2.564
29/10/2010;2.518
01/11/2010;2.481
02/11/2010;2.47
03/11/2010;2.418
04/11/2010;2.396
05/11/2010;2.417
08/11/2010;2.39
09/11/2010;2.407
10/11/2010;2.441
11/11/2010;2.435
12/11/2010;2.512
15/11/2010;2.563
16/11/2010;2.622
17/11/2010;2.601
18/11/2010;2.704
19/11/2010;2.703
22/11/2010;2.65
23/11/2010;2.552
24/11/2010;2.711
25/11/2010;2.712
26/11/2010;2.734
29/11/2010;2.757
30/11/2010;2.67
01/12/2010;2.78
02/12/2010;2.819
03/12/2010;2.857
06/12/2010;2.853
07/12/2010;2.948
08/12/2010;3.014
09/12/2010;2.947
10/12/2010;2.954
13/12/2010;2.976
14/12/2010;3.026
15/12/2010;3.03
16/12/2010;3.065
17/12/2010;3.029
20/12/2010;2.967
21/12/2010;2.986
22/12/2010;2.952
23/12/2010;2.977
24/12/2010;2.982
27/12/2010;3.031
28/12/2010;2.976
29/12/2010;3.018
30/12/2010;2.959
31/12/2010;2.963
03/01/2011;2.922
04/01/2011;2.891
05/01/2011;2.938
06/01/2011;2.913
07/01/2011;2.869
10/01/2011;2.87
11/01/2011;2.925
12/01/2011;3.052
13/01/2011;3.044
14/01/2011;3.028
17/01/2011;3.038
18/01/2011;3.115
19/01/2011;3.105
20/01/2011;3.163
21/01/2011;3.176
24/01/2011;3.15
25/01/2011;3.144
26/01/2011;3.183
27/01/2011;3.205
28/01/2011;3.146
31/01/2011;3.153
01/02/2011;3.219
02/02/2011;3.257
03/02/2011;3.214
04/02/2011;3.259
07/02/2011;3.25
08/02/2011;3.253
09/02/2011;3.305
10/02/2011;3.299
11/02/2011;3.292
14/02/2011;3.294
15/02/2011;3.28
16/02/2011;3.235
17/02/2011;3.181
18/02/2011;3.252
21/02/2011;3.182
22/02/2011;3.144
23/02/2011;3.138
24/02/2011;3.129
25/02/2011;3.15
28/02/2011;3.169
01/03/2011;3.177
02/03/2011;3.195
03/03/2011;3.325
04/03/2011;3.272
07/03/2011;3.271
08/03/2011;3.304
09/03/2011;3.289
10/03/2011;3.248
11/03/2011;3.212
14/03/2011;3.225
15/03/2011;3.136
16/03/2011;3.089
17/03/2011;3.167
18/03/2011;3.187
21/03/2011;3.232
22/03/2011;3.256
23/03/2011;3.235
24/03/2011;3.243
25/03/2011;3.278
28/03/2011;3.289
29/03/2011;3.331
30/03/2011;3.338
31/03/2011;3.352
01/04/2011;3.371
04/04/2011;3.367
05/04/2011;3.391
06/04/2011;3.429
07/04/2011;3.42
08/04/2011;3.48
11/04/2011;3.489
12/04/2011;3.44
13/04/2011;3.434
14/04/2011;3.427
15/04/2011;3.377
18/04/2011;3.246
19/04/2011;3.274
20/04/2011;3.303
21/04/2011;3.259
22/04/2011;3.259
25/04/2011;3.259
26/04/2011;3.247
27/04/2011;3.29
28/04/2011;3.262
29/04/2011;3.238
02/05/2011;3.244
03/05/2011;3.277
04/05/2011;3.294
05/05/2011;3.213
06/05/2011;3.169
09/05/2011;3.102
10/05/2011;3.121
11/05/2011;3.127
12/05/2011;3.107
13/05/2011;3.076
16/05/2011;3.115
17/05/2011;3.092
18/05/2011;3.119
19/05/2011;3.112
20/05/2011;3.055
23/05/2011;3.013
24/05/2011;3.068
25/05/2011;3.047
26/05/2011;2.995
27/05/2011;2.984
30/05/2011;2.975
31/05/2011;3.019
01/06/2011;2.986
02/06/2011;2.989
03/06/2011;3.057
06/06/2011;3.023
07/06/2011;3.092
08/06/2011;3.053
09/06/2011;3.029
10/06/2011;2.96
13/06/2011;2.957
14/06/2011;3.013
15/06/2011;2.952
16/06/2011;2.915
17/06/2011;2.958
20/06/2011;2.963
21/06/2011;2.978
22/06/2011;2.941
23/06/2011;2.865
24/06/2011;2.833
27/06/2011;2.889
28/06/2011;2.932
29/06/2011;2.982
30/06/2011;3.023
01/07/2011;3.032
04/07/2011;3.018
05/07/2011;3.007
06/07/2011;2.932
07/07/2011;2.965
08/07/2011;2.828
11/07/2011;2.67
12/07/2011;2.709
13/07/2011;2.746
14/07/2011;2.736
15/07/2011;2.694
18/07/2011;2.646
19/07/2011;2.676
20/07/2011;2.765
21/07/2011;2.876
22/07/2011;2.826
25/07/2011;2.762
26/07/2011;2.738
27/07/2011;2.65
28/07/2011;2.632
29/07/2011;2.537
01/08/2011;2.452
02/08/2011;2.414
03/08/2011;2.401
04/08/2011;2.299
05/08/2011;2.345
08/08/2011;2.26
09/08/2011;2.363
10/08/2011;2.19
11/08/2011;2.314
12/08/2011;2.332
15/08/2011;2.324
16/08/2011;2.323
17/08/2011;2.201
18/08/2011;2.086
19/08/2011;2.103
22/08/2011;2.101
23/08/2011;2.126
24/08/2011;2.205
25/08/2011;2.183
26/08/2011;2.154
29/08/2011;2.224
30/08/2011;2.15
31/08/2011;2.217
01/09/2011;2.143
02/09/2011;2.006
05/09/2011;1.845
06/09/2011;1.846
07/09/2011;1.905
08/09/2011;1.868
09/09/2011;1.77
12/09/2011;1.741
13/09/2011;1.792
14/09/2011;1.876
15/09/2011;1.927
16/09/2011;1.861
19/09/2011;1.799
20/09/2011;1.789
21/09/2011;1.77
22/09/2011;1.673
23/09/2011;1.745
26/09/2011;1.827
27/09/2011;1.96
28/09/2011;2.01
29/09/2011;2.005
30/09/2011;1.885
03/10/2011;1.814
04/10/2011;1.724
05/10/2011;1.838
06/10/2011;1.94
07/10/2011;2
10/10/2011;2.081
11/10/2011;2.087
12/10/2011;2.188
13/10/2011;2.104
14/10/2011;2.197
17/10/2011;2.097
18/10/2011;2.011
19/10/2011;2.057
20/10/2011;1.996
21/10/2011;2.104
24/10/2011;2.12
25/10/2011;2.057
26/10/2011;2.036
27/10/2011;2.205
28/10/2011;2.176
31/10/2011;2.024
01/11/2011;1.767
02/11/2011;1.825
03/11/2011;1.911
04/11/2011;1.822
07/11/2011;1.778
08/11/2011;1.799
09/11/2011;1.719
10/11/2011;1.776
11/11/2011;1.886
14/11/2011;1.779
15/11/2011;1.78
16/11/2011;1.813
17/11/2011;1.89
18/11/2011;1.964
21/11/2011;1.913
22/11/2011;1.917
23/11/2011;2.145
24/11/2011;2.191
25/11/2011;2.26
28/11/2011;2.297
29/11/2011;2.327
30/11/2011;2.276
01/12/2011;2.175
02/12/2011;2.131
05/12/2011;2.2
06/12/2011;2.184
07/12/2011;2.1
08/12/2011;2.013
09/12/2011;2.146
12/12/2011;2.017
13/12/2011;2.024
14/12/2011;1.917
15/12/2011;1.942
16/12/2011;1.849
19/12/2011;1.878
20/12/2011;1.951
21/12/2011;1.931
22/12/2011;1.941
23/12/2011;1.957
26/12/2011;1.957
27/12/2011;1.917
28/12/2011;1.891
29/12/2011;1.839
30/12/2011;1.825
02/01/2012;1.902
03/01/2012;1.895
04/01/2012;1.921
05/01/2012;1.861
06/01/2012;1.851
09/01/2012;1.842
10/01/2012;1.881
11/01/2012;1.812
12/01/2012;1.832
13/01/2012;1.762
16/01/2012;1.767
17/01/2012;1.789
18/01/2012;1.782
19/01/2012;1.857
20/01/2012;1.927
23/01/2012;1.969
24/01/2012;1.991
25/01/2012;1.943
26/01/2012;1.869
27/01/2012;1.856
30/01/2012;1.791
31/01/2012;1.786
01/02/2012;1.85
02/02/2012;1.85
03/02/2012;1.931
06/02/2012;1.886
07/02/2012;1.962
08/02/2012;1.981
09/02/2012;2.015
10/02/2012;1.905
13/02/2012;1.93
14/02/2012;1.901
15/02/2012;1.86
16/02/2012;1.895
17/02/2012;1.923
20/02/2012;1.959
21/02/2012;1.98
22/02/2012;1.89
23/02/2012;1.882
24/02/2012;1.882
27/02/2012;1.828
28/02/2012;1.799
29/02/2012;1.817
01/03/2012;1.863
02/03/2012;1.799
05/03/2012;1.825
06/03/2012;1.776
07/03/2012;1.771
08/03/2012;1.797
09/03/2012;1.793
12/03/2012;1.756
13/03/2012;1.82
14/03/2012;1.953
15/03/2012;1.966
16/03/2012;2.049
19/03/2012;2.054
20/03/2012;2.039
21/03/2012;1.978
22/03/2012;1.91
23/03/2012;1.864
26/03/2012;1.952
27/03/2012;1.888
28/03/2012;1.831
29/03/2012;1.806
30/03/2012;1.792
02/04/2012;1.803
03/04/2012;1.802
04/04/2012;1.787
05/04/2012;1.734
06/04/2012;1.734
09/04/2012;1.734
10/04/2012;1.641
11/04/2012;1.778
12/04/2012;1.787
13/04/2012;1.733
16/04/2012;1.716
17/04/2012;1.749
18/04/2012;1.719
19/04/2012;1.691
20/04/2012;1.707
23/04/2012;1.643
24/04/2012;1.697
25/04/2012;1.74
26/04/2012;1.682
27/04/2012;1.697
30/04/2012;1.662
01/05/2012;1.662
02/05/2012;1.608
03/05/2012;1.611
04/05/2012;1.583
07/05/2012;1.603
08/05/2012;1.541
09/05/2012;1.516
10/05/2012;1.538
11/05/2012;1.515
14/05/2012;1.456
15/05/2012;1.469
16/05/2012;1.468
17/05/2012;1.411
18/05/2012;1.424
21/05/2012;1.43
22/05/2012;1.467
23/05/2012;1.383
24/05/2012;1.39
25/05/2012;1.368
28/05/2012;1.363
29/05/2012;1.358
30/05/2012;1.267
31/05/2012;1.199
01/06/2012;1.172
04/06/2012;1.207
05/06/2012;1.206
06/06/2012;1.334
07/06/2012;1.373
08/06/2012;1.328
11/06/2012;1.304
12/06/2012;1.424
13/06/2012;1.487
14/06/2012;1.486
15/06/2012;1.436
18/06/2012;1.41
19/06/2012;1.528
20/06/2012;1.613
21/06/2012;1.533
22/06/2012;1.58
25/06/2012;1.462
26/06/2012;1.504
27/06/2012;1.566
28/06/2012;1.512
29/06/2012;1.581
02/07/2012;1.518
03/07/2012;1.531
04/07/2012;1.452
05/07/2012;1.381
06/07/2012;1.326
09/07/2012;1.32
10/07/2012;1.319
11/07/2012;1.27
12/07/2012;1.248
13/07/2012;1.258
16/07/2012;1.231
17/07/2012;1.231
18/07/2012;1.198
19/07/2012;1.216
20/07/2012;1.166
23/07/2012;1.174
24/07/2012;1.235
25/07/2012;1.261
26/07/2012;1.32
27/07/2012;1.397
30/07/2012;1.374
31/07/2012;1.284
01/08/2012;1.367
02/08/2012;1.225
03/08/2012;1.422
06/08/2012;1.394
07/08/2012;1.483
08/08/2012;1.42
09/08/2012;1.433
10/08/2012;1.384
13/08/2012;1.401
14/08/2012;1.467
15/08/2012;1.562
16/08/2012;1.525
17/08/2012;1.494
20/08/2012;1.508
21/08/2012;1.556
22/08/2012;1.46
23/08/2012;1.376
24/08/2012;1.353
27/08/2012;1.351
28/08/2012;1.34
29/08/2012;1.38
30/08/2012;1.321
31/08/2012;1.333
03/09/2012;1.377
04/09/2012;1.39
05/09/2012;1.478
06/09/2012;1.558
07/09/2012;1.518
10/09/2012;1.546
11/09/2012;1.542
12/09/2012;1.616
13/09/2012;1.553
14/09/2012;1.705
17/09/2012;1.671
18/09/2012;1.636
19/09/2012;1.621
20/09/2012;1.573
21/09/2012;1.596
24/09/2012;1.558
25/09/2012;1.583
26/09/2012;1.455
27/09/2012;1.457
28/09/2012;1.441
01/10/2012;1.449
02/10/2012;1.455
03/10/2012;1.446
04/10/2012;1.446
05/10/2012;1.52
08/10/2012;1.474
09/10/2012;1.473
10/10/2012;1.489
11/10/2012;1.501
12/10/2012;1.444
15/10/2012;1.472
16/10/2012;1.543
17/10/2012;1.633
18/10/2012;1.632
19/10/2012;1.593
22/10/2012;1.617
23/10/2012;1.571
24/10/2012;1.555
25/10/2012;1.582
26/10/2012;1.536
29/10/2012;1.457
30/10/2012;1.478
31/10/2012;1.462
01/11/2012;1.454
02/11/2012;1.449
05/11/2012;1.427
06/11/2012;1.438
07/11/2012;1.379
08/11/2012;1.363
09/11/2012;1.347
12/11/2012;1.343
13/11/2012;1.338
14/11/2012;1.341
15/11/2012;1.338
16/11/2012;1.33
19/11/2012;1.355
20/11/2012;1.417
21/11/2012;1.43
22/11/2012;1.43
23/11/2012;1.435
26/11/2012;1.413
27/11/2012;1.439
28/11/2012;1.368
29/11/2012;1.366
30/11/2012;1.385
03/12/2012;1.409
04/12/2012;1.393
05/12/2012;1.347
06/12/2012;1.295
07/12/2012;1.294
10/12/2012;1.305
11/12/2012;1.318
12/12/2012;1.334
13/12/2012;1.352
14/12/2012;1.347
17/12/2012;1.372
18/12/2012;1.41
19/12/2012;1.429
20/12/2012;1.416
21/12/2012;1.375
27/12/2012;1.314
28/12/2012;1.308
31/12/2012;1.314
01/01/2013;1.314
02/01/2013;1.441
03/01/2013;1.478
04/01/2013;1.535
07/01/2013;1.515
08/01/2013;1.49
09/01/2013;1.476
10/01/2013;1.56
11/01/2013;1.582
14/01/2013;1.55
15/01/2013;1.576
16/01/2013;1.565
17/01/2013;1.607
18/01/2013;1.554
21/01/2013;1.593
22/01/2013;1.572
23/01/2013;1.543
24/01/2013;1.571
25/01/2013;1.636
28/01/2013;1.692
29/01/2013;1.69
30/01/2013;1.71
31/01/2013;1.679
01/02/2013;1.672
04/02/2013;1.611
05/02/2013;1.65
06/02/2013;1.63
07/02/2013;1.604
08/02/2013;1.609
11/02/2013;1.609
12/02/2013;1.629
13/02/2013;1.671
14/02/2013;1.642
15/02/2013;1.652
18/02/2013;1.629
19/02/2013;1.621
20/02/2013;1.653
21/02/2013;1.573
22/02/2013;1.567
25/02/2013;1.555
26/02/2013;1.452
27/02/2013;1.451
28/02/2013;1.453
01/03/2013;1.41
04/03/2013;1.418
05/03/2013;1.449
06/03/2013;1.456
07/03/2013;1.491
08/03/2013;1.524
11/03/2013;1.516
12/03/2013;1.48
13/03/2013;1.48
14/03/2013;1.472
15/03/2013;1.454
18/03/2013;1.406
19/03/2013;1.346
20/03/2013;1.386
21/03/2013;1.365
22/03/2013;1.378
25/03/2013;1.326
26/03/2013;1.344
27/03/2013;1.269
28/03/2013;1.288
29/03/2013;1.288
01/04/2013;1.288
02/04/2013;1.306
03/04/2013;1.287
04/04/2013;1.238
05/04/2013;1.211
08/04/2013;1.236
09/04/2013;1.26
10/04/2013;1.303
11/04/2013;1.301
12/04/2013;1.26
15/04/2013;1.244
16/04/2013;1.276
17/04/2013;1.228
18/04/2013;1.225
19/04/2013;1.25
22/04/2013;1.231
23/04/2013;1.26
24/04/2013;1.238
25/04/2013;1.237
26/04/2013;1.205
29/04/2013;1.203
30/04/2013;1.215
01/05/2013;1.206
02/05/2013;1.165
03/05/2013;1.239
06/05/2013;1.243
07/05/2013;1.298
08/05/2013;1.269
09/05/2013;1.269
10/05/2013;1.379
13/05/2013;1.355
14/05/2013;1.373
15/05/2013;1.382
16/05/2013;1.33
17/05/2013;1.325
20/05/2013;1.376
21/05/2013;1.39
22/05/2013;1.426
23/05/2013;1.443
24/05/2013;1.43
27/05/2013;1.456
28/05/2013;1.497
29/05/2013;1.532
30/05/2013;1.516
31/05/2013;1.504
03/06/2013;1.521
04/06/2013;1.542
05/06/2013;1.51
06/06/2013;1.52
07/06/2013;1.545
10/06/2013;1.6
11/06/2013;1.6
12/06/2013;1.584
13/06/2013;1.561
14/06/2013;1.513
17/06/2013;1.52
18/06/2013;1.569
19/06/2013;1.557
20/06/2013;1.664
21/06/2013;1.724
24/06/2013;1.811
25/06/2013;1.803
26/06/2013;1.766
27/06/2013;1.724
28/06/2013;1.728
01/07/2013;1.719
02/07/2013;1.703
03/07/2013;1.659
04/07/2013;1.647
05/07/2013;1.718
08/07/2013;1.697
09/07/2013;1.653
10/07/2013;1.657
11/07/2013;1.622
12/07/2013;1.559
15/07/2013;1.577
16/07/2013;1.55
17/07/2013;1.542
18/07/2013;1.518
19/07/2013;1.518
22/07/2013;1.514
23/07/2013;1.55
24/07/2013;1.645
25/07/2013;1.67
26/07/2013;1.665
29/07/2013;1.663
30/07/2013;1.667
31/07/2013;1.669
01/08/2013;1.666
02/08/2013;1.65
05/08/2013;1.686
06/08/2013;1.701
07/08/2013;1.686
08/08/2013;1.686
09/08/2013;1.679
12/08/2013;1.701
13/08/2013;1.807
14/08/2013;1.821
15/08/2013;1.882
16/08/2013;1.88
19/08/2013;1.896
20/08/2013;1.84
21/08/2013;1.87
22/08/2013;1.919
23/08/2013;1.934
26/08/2013;1.893
27/08/2013;1.846
28/08/2013;1.875
29/08/2013;1.855
30/08/2013;1.855
02/09/2013;1.904
03/09/2013;1.94
04/09/2013;1.94
05/09/2013;2.041
06/09/2013;1.949
09/09/2013;1.959
10/09/2013;2.026
11/09/2013;2.045
12/09/2013;1.999
13/09/2013;1.975
16/09/2013;1.937
17/09/2013;1.963
18/09/2013;2
19/09/2013;1.92
20/09/2013;1.942
23/09/2013;1.917
24/09/2013;1.845
25/09/2013;1.822
26/09/2013;1.83
27/09/2013;1.777
30/09/2013;1.778
01/10/2013;1.804
02/10/2013;1.81
03/10/2013;1.792
04/10/2013;1.84
07/10/2013;1.802
08/10/2013;1.81
09/10/2013;1.811
10/10/2013;1.868
11/10/2013;1.863
14/10/2013;1.858
15/10/2013;1.913
16/10/2013;1.928
17/10/2013;1.867
18/10/2013;1.831
21/10/2013;1.847
22/10/2013;1.795
23/10/2013;1.766
24/10/2013;1.764
25/10/2013;1.755
28/10/2013;1.749
29/10/2013;1.74
30/10/2013;1.687
31/10/2013;1.673
01/11/2013;1.691
04/11/2013;1.676
05/11/2013;1.742
06/11/2013;1.74
07/11/2013;1.684
08/11/2013;1.757
11/11/2013;1.753
12/11/2013;1.789
13/11/2013;1.735
14/11/2013;1.7
15/11/2013;1.705
18/11/2013;1.68
19/11/2013;1.719
20/11/2013;1.714
21/11/2013;1.74
22/11/2013;1.746
25/11/2013;1.722
26/11/2013;1.686
27/11/2013;1.716
28/11/2013;1.694
29/11/2013;1.692
02/12/2013;1.743
03/12/2013;1.724
04/12/2013;1.814
05/12/2013;1.86
06/12/2013;1.841
09/12/2013;1.838
10/12/2013;1.834
11/12/2013;1.813
12/12/2013;1.838
13/12/2013;1.827
16/12/2013;1.834
17/12/2013;1.826
18/12/2013;1.846
19/12/2013;1.871
20/12/2013;1.869
23/12/2013;1.88
24/12/2013;1.89
25/12/2013;1.89
26/12/2013;1.89
27/12/2013;1.954
30/12/2013;1.929
31/12/2013;1.925
01/01/2014;1.925
02/01/2014;1.94
03/01/2014;1.942
06/01/2014;1.906
07/01/2014;1.885
08/01/2014;1.903
09/01/2014;1.914
10/01/2014;1.842
13/01/2014;1.816
14/01/2014;1.813
15/01/2014;1.824
16/01/2014;1.779
17/01/2014;1.752
20/01/2014;1.74
21/01/2014;1.738
22/01/2014;1.756
23/01/2014;1.708
24/01/2014;1.657
27/01/2014;1.664
28/01/2014;1.676
29/01/2014;1.74
30/01/2014;1.714
31/01/2014;1.658
03/02/2014;1.643
04/02/2014;1.649
05/02/2014;1.635
06/02/2014;1.694
07/02/2014;1.66
10/02/2014;1.678
11/02/2014;1.685
12/02/2014;1.714
13/02/2014;1.666
14/02/2014;1.678
17/02/2014;1.683
18/02/2014;1.666
19/02/2014;1.66
20/02/2014;1.689
21/02/2014;1.661
24/02/2014;1.678
25/02/2014;1.645
26/02/2014;1.616
27/02/2014;1.562
28/02/2014;1.623
03/03/2014;1.55
04/03/2014;1.597
05/03/2014;1.604
06/03/2014;1.646
07/03/2014;1.652
10/03/2014;1.624
11/03/2014;1.637
12/03/2014;1.595
13/03/2014;1.54
14/03/2014;1.545
17/03/2014;1.566
18/03/2014;1.566
19/03/2014;1.598
20/03/2014;1.645
21/03/2014;1.63
24/03/2014;1.577
25/03/2014;1.576
26/03/2014;1.567
27/03/2014;1.535
28/03/2014;1.548
31/03/2014;1.565
01/04/2014;1.572
02/04/2014;1.615
03/04/2014;1.602
04/04/2014;1.552
07/04/2014;1.538
08/04/2014;1.556
09/04/2014;1.574
10/04/2014;1.52
11/04/2014;1.502
14/04/2014;1.525
15/04/2014;1.471
16/04/2014;1.484
17/04/2014;1.514
18/04/2014;1.514
21/04/2014;1.514
22/04/2014;1.533
23/04/2014;1.521
24/04/2014;1.529
25/04/2014;1.483
28/04/2014;1.496
29/04/2014;1.498
30/04/2014;1.468
01/05/2014;1.468
02/05/2014;1.449
05/05/2014;1.457
06/05/2014;1.459
07/05/2014;1.472
08/05/2014;1.445
09/05/2014;1.454
12/05/2014;1.463
13/05/2014;1.42
14/05/2014;1.367
15/05/2014;1.305
16/05/2014;1.329
19/05/2014;1.342
20/05/2014;1.35
21/05/2014;1.423
22/05/2014;1.407
23/05/2014;1.412
26/05/2014;1.415
27/05/2014;1.388
28/05/2014;1.337
29/05/2014;1.353
30/05/2014;1.357
02/06/2014;1.368
03/06/2014;1.407
04/06/2014;1.431
05/06/2014;1.403
06/06/2014;1.351
09/06/2014;1.378
10/06/2014;1.403
11/06/2014;1.396
12/06/2014;1.386
13/06/2014;1.361
16/06/2014;1.353
17/06/2014;1.399
18/06/2014;1.374
19/06/2014;1.321
20/06/2014;1.343
23/06/2014;1.322
24/06/2014;1.319
25/06/2014;1.26
26/06/2014;1.244
27/06/2014;1.261
30/06/2014;1.244
01/07/2014;1.246
02/07/2014;1.286
03/07/2014;1.288
04/07/2014;1.264
07/07/2014;1.255
08/07/2014;1.218
09/07/2014;1.227
10/07/2014;1.198
11/07/2014;1.202
14/07/2014;1.208
15/07/2014;1.203
16/07/2014;1.191
17/07/2014;1.148
18/07/2014;1.154
21/07/2014;1.147
22/07/2014;1.165
23/07/2014;1.145
24/07/2014;1.176
25/07/2014;1.146
28/07/2014;1.147
29/07/2014;1.119
30/07/2014;1.169
31/07/2014;1.154
01/08/2014;1.13
04/08/2014;1.134
05/08/2014;1.167
06/08/2014;1.1
07/08/2014;1.061
08/08/2014;1.052
11/08/2014;1.058
12/08/2014;1.058
13/08/2014;1.026
14/08/2014;1.017
15/08/2014;0.952
18/08/2014;1.013
19/08/2014;1
20/08/2014;0.989
21/08/2014;0.992
22/08/2014;0.981
25/08/2014;0.947
26/08/2014;0.938
27/08/2014;0.909
28/08/2014;0.883
29/08/2014;0.89
01/09/2014;0.881
02/09/2014;0.93
03/09/2014;0.954
04/09/2014;0.969
05/09/2014;0.928
08/09/2014;0.952
09/09/2014;0.996
10/09/2014;1.046
11/09/2014;1.039
12/09/2014;1.082
15/09/2014;1.066
16/09/2014;1.06
17/09/2014;1.049
18/09/2014;1.081
19/09/2014;1.042
22/09/2014;1.01
23/09/2014;1.012
24/09/2014;1.003
25/09/2014;0.972
26/09/2014;0.971
29/09/2014;0.963
30/09/2014;0.946
01/10/2014;0.901
02/10/2014;0.902
03/10/2014;0.925
06/10/2014;0.906
07/10/2014;0.905
08/10/2014;0.907
09/10/2014;0.905
10/10/2014;0.886
13/10/2014;0.894
14/10/2014;0.837
15/10/2014;0.755
16/10/2014;0.819
17/10/2014;0.858
20/10/2014;0.848
21/10/2014;0.87
22/10/2014;0.87
23/10/2014;0.901
24/10/2014;0.891
27/10/2014;0.868
28/10/2014;0.876
29/10/2014;0.897
30/10/2014;0.844
31/10/2014;0.84
03/11/2014;0.852
04/11/2014;0.806
05/11/2014;0.826
06/11/2014;0.826
07/11/2014;0.816
10/11/2014;0.834
11/11/2014;0.826
12/11/2014;0.809
13/11/2014;0.798
14/11/2014;0.784
17/11/2014;0.801
18/11/2014;0.796
19/11/2014;0.848
20/11/2014;0.798
21/11/2014;0.769
24/11/2014;0.78
25/11/2014;0.747
26/11/2014;0.735
27/11/2014;0.7
28/11/2014;0.7
01/12/2014;0.727
02/12/2014;0.741
03/12/2014;0.747
04/12/2014;0.772
05/12/2014;0.78
08/12/2014;0.712
09/12/2014;0.685
10/12/2014;0.68
11/12/2014;0.676
12/12/2014;0.623
15/12/2014;0.622
16/12/2014;0.595
17/12/2014;0.591
18/12/2014;0.616
19/12/2014;0.592
22/12/2014;0.6
23/12/2014;0.591
24/12/2014;0.587
25/12/2014;0.587
26/12/2014;0.587
29/12/2014;0.543
30/12/2014;0.539
31/12/2014;0.538
01/01/2015;0.538
02/01/2015;0.497
05/01/2015;0.517
06/01/2015;0.445
07/01/2015;0.483
08/01/2015;0.509
09/01/2015;0.491
12/01/2015;0.478
13/01/2015;0.476
14/01/2015;0.423
15/01/2015;0.473
16/01/2015;0.452
19/01/2015;0.439
20/01/2015;0.448
21/01/2015;0.523
22/01/2015;0.446
23/01/2015;0.361
26/01/2015;0.394
27/01/2015;0.381
28/01/2015;0.352
29/01/2015;0.358
30/01/2015;0.302
02/02/2015;0.312
03/02/2015;0.344
04/02/2015;0.365
05/02/2015;0.365
06/02/2015;0.374
09/02/2015;0.354
10/02/2015;0.369
11/02/2015;0.354
12/02/2015;0.318
13/02/2015;0.341
16/02/2015;0.333
17/02/2015;0.37
18/02/2015;0.38
19/02/2015;0.379
20/02/2015;0.365
23/02/2015;0.364
24/02/2015;0.374
25/02/2015;0.324
26/02/2015;0.297
27/02/2015;0.327
02/03/2015;0.355
03/03/2015;0.361
04/03/2015;0.382
05/03/2015;0.347
06/03/2015;0.393
09/03/2015;0.311
10/03/2015;0.233
11/03/2015;0.208
12/03/2015;0.247
13/03/2015;0.256
16/03/2015;0.278
17/03/2015;0.281
18/03/2015;0.196
19/03/2015;0.186
20/03/2015;0.183
23/03/2015;0.223
24/03/2015;0.235
25/03/2015;0.219
26/03/2015;0.214
27/03/2015;0.206
30/03/2015;0.205
31/03/2015;0.18
01/04/2015;0.166
02/04/2015;0.193
03/04/2015;0.193
06/04/2015;0.193
07/04/2015;0.185
08/04/2015;0.162
09/04/2015;0.159
10/04/2015;0.154
13/04/2015;0.156
14/04/2015;0.137
15/04/2015;0.106
16/04/2015;0.084
17/04/2015;0.077
20/04/2015;0.074
21/04/2015;0.1
22/04/2015;0.164
23/04/2015;0.164
24/04/2015;0.154
27/04/2015;0.161
28/04/2015;0.162
29/04/2015;0.284
30/04/2015;0.364
01/05/2015;0.37
04/05/2015;0.452
05/05/2015;0.514
06/05/2015;0.585
07/05/2015;0.589
08/05/2015;0.546
11/05/2015;0.609
12/05/2015;0.674
13/05/2015;0.723
14/05/2015;0.701
15/05/2015;0.623
18/05/2015;0.648
19/05/2015;0.593
20/05/2015;0.631
21/05/2015;0.638
22/05/2015;0.602
25/05/2015;0.603
26/05/2015;0.545
27/05/2015;0.553
28/05/2015;0.529
29/05/2015;0.486
01/06/2015;0.54
02/06/2015;0.713
03/06/2015;0.881
04/06/2015;0.837
05/06/2015;0.843
08/06/2015;0.878
09/06/2015;0.949
10/06/2015;0.98
11/06/2015;0.883
12/06/2015;0.833
15/06/2015;0.823
16/06/2015;0.796
17/06/2015;0.807
18/06/2015;0.806
19/06/2015;0.75
22/06/2015;0.883
23/06/2015;0.871
24/06/2015;0.843
25/06/2015;0.861
26/06/2015;0.921
29/06/2015;0.794
30/06/2015;0.763
01/07/2015;0.812
02/07/2015;0.844
03/07/2015;0.789
06/07/2015;0.763
07/07/2015;0.642
08/07/2015;0.67
09/07/2015;0.718
10/07/2015;0.896
13/07/2015;0.854
14/07/2015;0.835
15/07/2015;0.827
16/07/2015;0.832
17/07/2015;0.787
20/07/2015;0.761
21/07/2015;0.78
22/07/2015;0.746
23/07/2015;0.741
24/07/2015;0.69
27/07/2015;0.69
28/07/2015;0.689
29/07/2015;0.716
30/07/2015;0.649
31/07/2015;0.643
03/08/2015;0.628
04/08/2015;0.638
05/08/2015;0.753
06/08/2015;0.708
07/08/2015;0.661
10/08/2015;0.697
11/08/2015;0.631
12/08/2015;0.603
13/08/2015;0.629
14/08/2015;0.659
17/08/2015;0.626
18/08/2015;0.641
19/08/2015;0.618
20/08/2015;0.581
21/08/2015;0.563
24/08/2015;0.591
25/08/2015;0.729
26/08/2015;0.703
27/08/2015;0.741
28/08/2015;0.741
31/08/2015;0.797
01/09/2015;0.796
02/09/2015;0.781
03/09/2015;0.723
04/09/2015;0.666
07/09/2015;0.674
08/09/2015;0.675
09/09/2015;0.697
10/09/2015;0.694
11/09/2015;0.652
14/09/2015;0.654
15/09/2015;0.742
16/09/2015;0.773
17/09/2015;0.779
18/09/2015;0.662
21/09/2015;0.683
22/09/2015;0.589
23/09/2015;0.596
24/09/2015;0.602
25/09/2015;0.647
28/09/2015;0.585
29/09/2015;0.582
30/09/2015;0.586
01/10/2015;0.535
02/10/2015;0.509
05/10/2015;0.565
06/10/2015;0.595
07/10/2015;0.592
08/10/2015;0.585
09/10/2015;0.615
12/10/2015;0.577
13/10/2015;0.586
14/10/2015;0.54
15/10/2015;0.549
16/10/2015;0.547
19/10/2015;0.564
20/10/2015;0.625
21/10/2015;0.567
22/10/2015;0.495
23/10/2015;0.511
26/10/2015;0.499
27/10/2015;0.442
28/10/2015;0.438
29/10/2015;0.53
30/10/2015;0.517
02/11/2015;0.557
03/11/2015;0.573
04/11/2015;0.598
05/11/2015;0.606
06/11/2015;0.692
09/11/2015;0.661
10/11/2015;0.62
11/11/2015;0.61
12/11/2015;0.607
13/11/2015;0.558
16/11/2015;0.529
17/11/2015;0.523
18/11/2015;0.505
19/11/2015;0.478
20/11/2015;0.479
23/11/2015;0.529
24/11/2015;0.516
25/11/2015;0.47
26/11/2015;0.469
27/11/2015;0.459
30/11/2015;0.472
01/12/2015;0.467
02/12/2015;0.469
03/12/2015;0.665
04/12/2015;0.677
07/12/2015;0.581
08/12/2015;0.57
09/12/2015;0.599
10/12/2015;0.567
11/12/2015;0.539
14/12/2015;0.573
15/12/2015;0.64
16/12/2015;0.677
17/12/2015;0.598
18/12/2015;0.547
21/12/2015;0.549
22/12/2015;0.601
23/12/2015;0.626
24/12/2015;0.635
25/12/2015;0.635
28/12/2015;0.562
29/12/2015;0.628
30/12/2015;0.628
31/12/2015;0.628
01/01/2016;0.628
04/01/2016;0.565
05/01/2016;0.539
06/01/2016;0.502
07/01/2016;0.538
08/01/2016;0.513
11/01/2016;0.54
12/01/2016;0.532
13/01/2016;0.566
14/01/2016;0.573
15/01/2016;0.539
18/01/2016;0.536
19/01/2016;0.548
20/01/2016;0.481
21/01/2016;0.449
22/01/2016;0.483
25/01/2016;0.471
26/01/2016;0.445
27/01/2016;0.443
28/01/2016;0.403
29/01/2016;0.324
01/02/2016;0.35
02/02/2016;0.306
03/02/2016;0.274
04/02/2016;0.302
05/02/2016;0.295
08/02/2016;0.217
09/02/2016;0.233
10/02/2016;0.241
11/02/2016;0.186
12/02/2016;0.26
15/02/2016;0.237
16/02/2016;0.265
17/02/2016;0.268
18/02/2016;0.217
19/02/2016;0.201
22/02/2016;0.175
23/02/2016;0.183
24/02/2016;0.153
25/02/2016;0.137
26/02/2016;0.146
29/02/2016;0.106
01/03/2016;0.145
02/03/2016;0.206
03/03/2016;0.169
04/03/2016;0.237
07/03/2016;0.224
08/03/2016;0.181
09/03/2016;0.24
10/03/2016;0.305
11/03/2016;0.27
14/03/2016;0.279
15/03/2016;0.315
16/03/2016;0.31
17/03/2016;0.229
18/03/2016;0.211
21/03/2016;0.23
22/03/2016;0.21
23/03/2016;0.193
24/03/2016;0.179
25/03/2016;0.179
28/03/2016;0.179
29/03/2016;0.137
30/03/2016;0.156
31/03/2016;0.152
01/04/2016;0.133
04/04/2016;0.13
05/04/2016;0.098
06/04/2016;0.118
07/04/2016;0.089
08/04/2016;0.095
11/04/2016;0.11
12/04/2016;0.164
13/04/2016;0.127
14/04/2016;0.166
15/04/2016;0.127
18/04/2016;0.16
19/04/2016;0.168
20/04/2016;0.153
21/04/2016;0.238
22/04/2016;0.23
25/04/2016;0.263
26/04/2016;0.299
27/04/2016;0.286
28/04/2016;0.256
29/04/2016;0.271
02/05/2016;0.266
03/05/2016;0.2
04/05/2016;0.203
05/05/2016;0.161
06/05/2016;0.143
09/05/2016;0.125
10/05/2016;0.123
11/05/2016;0.125
12/05/2016;0.154
13/05/2016;0.123
16/05/2016;0.142
17/05/2016;0.132
18/05/2016;0.167
19/05/2016;0.169
20/05/2016;0.164
23/05/2016;0.176
24/05/2016;0.176
25/05/2016;0.151
26/05/2016;0.145
27/05/2016;0.137
30/05/2016;0.166
31/05/2016;0.138
01/06/2016;0.135
02/06/2016;0.113
03/06/2016;0.067
06/06/2016;0.085
07/06/2016;0.049
08/06/2016;0.054
09/06/2016;0.032
10/06/2016;0.02
13/06/2016;0.023
14/06/2016;-0.004
15/06/2016;-0.011
16/06/2016;-0.025
17/06/2016;0.018
20/06/2016;0.05
21/06/2016;0.049
22/06/2016;0.061
23/06/2016;0.093
24/06/2016;-0.049
27/06/2016;-0.117
28/06/2016;-0.113
29/06/2016;-0.127
30/06/2016;-0.131
01/07/2016;-0.127
04/07/2016;-0.142
05/07/2016;-0.186
06/07/2016;-0.177
07/07/2016;-0.171
08/07/2016;-0.189
11/07/2016;-0.168
12/07/2016;-0.091
13/07/2016;-0.075
14/07/2016;-0.041
15/07/2016;0.005
18/07/2016;-0.017
19/07/2016;-0.031
20/07/2016;-0.012
21/07/2016;-0.018
22/07/2016;-0.031
25/07/2016;-0.043
26/07/2016;-0.029
27/07/2016;-0.081
28/07/2016;-0.091
29/07/2016;-0.121
01/08/2016;-0.1
02/08/2016;-0.038
03/08/2016;-0.039
04/08/2016;-0.097
05/08/2016;-0.068
08/08/2016;-0.067
09/08/2016;-0.078
10/08/2016;-0.11
11/08/2016;-0.094
12/08/2016;-0.11
15/08/2016;-0.076
16/08/2016;-0.031
17/08/2016;-0.051
18/08/2016;-0.083
19/08/2016;-0.034
22/08/2016;-0.091
23/08/2016;-0.097
24/08/2016;-0.091
25/08/2016;-0.072
26/08/2016;-0.073
29/08/2016;-0.085
30/08/2016;-0.093
31/08/2016;-0.066
01/09/2016;-0.068
02/09/2016;-0.045
05/09/2016;-0.049
06/09/2016;-0.112
07/09/2016;-0.118
08/09/2016;-0.063
09/09/2016;0.009
12/09/2016;0.037
13/09/2016;0.069
14/09/2016;0.02
15/09/2016;0.03
16/09/2016;0.006
19/09/2016;0.015
20/09/2016;-0.019
21/09/2016;0.001
22/09/2016;-0.098
23/09/2016;-0.083
26/09/2016;-0.118
27/09/2016;-0.141
28/09/2016;-0.147
29/09/2016;-0.119
30/09/2016;-0.122
03/10/2016;-0.094
04/10/2016;-0.056
05/10/2016;-0.006
06/10/2016;-0.02
07/10/2016;0.018
10/10/2016;0.054
11/10/2016;0.024
12/10/2016;0.065
13/10/2016;0.037
14/10/2016;0.056
17/10/2016;0.053
18/10/2016;0.034
19/10/2016;0.028
20/10/2016;0.002
21/10/2016;0.005
24/10/2016;0.022
25/10/2016;0.029
26/10/2016;0.084
27/10/2016;0.169
28/10/2016;0.166
31/10/2016;0.161
01/11/2016;0.177
02/11/2016;0.129
03/11/2016;0.157
04/11/2016;0.133
07/11/2016;0.152
08/11/2016;0.186
09/11/2016;0.202
10/11/2016;0.272
11/11/2016;0.307
14/11/2016;0.317
15/11/2016;0.306
16/11/2016;0.296
17/11/2016;0.277
18/11/2016;0.27
21/11/2016;0.272
22/11/2016;0.218
23/11/2016;0.261
24/11/2016;0.257
25/11/2016;0.238
28/11/2016;0.203
29/11/2016;0.219
30/11/2016;0.273
01/12/2016;0.366
02/12/2016;0.279
05/12/2016;0.33
06/12/2016;0.37
07/12/2016;0.343
08/12/2016;0.38
09/12/2016;0.362
12/12/2016;0.396
13/12/2016;0.356
14/12/2016;0.298
15/12/2016;0.362
16/12/2016;0.312
19/12/2016;0.244
20/12/2016;0.265
21/12/2016;0.243
22/12/2016;0.257
23/12/2016;0.218
26/12/2016;0.218
27/12/2016;0.203
28/12/2016;0.191
29/12/2016;0.171
30/12/2016;0.204
02/01/2017;0.185
03/01/2017;0.261
04/01/2017;0.273
05/01/2017;0.24
06/01/2017;0.296
09/01/2017;0.275
10/01/2017;0.283
11/01/2017;0.324
12/01/2017;0.312
13/01/2017;0.336
16/01/2017;0.321
17/01/2017;0.32
18/01/2017;0.353
19/01/2017;0.378
20/01/2017;0.42
23/01/2017;0.361
24/01/2017;0.406
25/01/2017;0.463
26/01/2017;0.482
27/01/2017;0.46
30/01/2017;0.447
31/01/2017;0.434
01/02/2017;0.466
02/02/2017;0.424
03/02/2017;0.41
06/02/2017;0.368
07/02/2017;0.348
08/02/2017;0.294
09/02/2017;0.31
10/02/2017;0.318
13/02/2017;0.33
14/02/2017;0.364
15/02/2017;0.372
16/02/2017;0.347
17/02/2017;0.3
20/02/2017;0.295
21/02/2017;0.298
22/02/2017;0.277
23/02/2017;0.23
24/02/2017;0.184
27/02/2017;0.197
28/02/2017;0.206
01/03/2017;0.28
02/03/2017;0.315
03/03/2017;0.353
06/03/2017;0.338
07/03/2017;0.317
08/03/2017;0.367
09/03/2017;0.423
10/03/2017;0.481
13/03/2017;0.469
14/03/2017;0.443
15/03/2017;0.412
16/03/2017;0.445
17/03/2017;0.432
20/03/2017;0.438
21/03/2017;0.457
22/03/2017;0.406
23/03/2017;0.429
24/03/2017;0.401
27/03/2017;0.399
28/03/2017;0.386
29/03/2017;0.342
30/03/2017;0.33
31/03/2017;0.325
03/04/2017;0.275
04/04/2017;0.256
05/04/2017;0.256
06/04/2017;0.261
07/04/2017;0.226
10/04/2017;0.204
11/04/2017;0.203
12/04/2017;0.196
13/04/2017;0.186
14/04/2017;0.186
17/04/2017;0.186
18/04/2017;0.155
19/04/2017;0.201
20/04/2017;0.242
21/04/2017;0.251
24/04/2017;0.327
25/04/2017;0.376
26/04/2017;0.35
27/04/2017;0.294
28/04/2017;0.315
01/05/2017;0.315
02/05/2017;0.326
03/05/2017;0.324
04/05/2017;0.392
05/05/2017;0.416
08/05/2017;0.416
09/05/2017;0.428
10/05/2017;0.419
11/05/2017;0.43
12/05/2017;0.389
15/05/2017;0.418
16/05/2017;0.433
17/05/2017;0.376
18/05/2017;0.342
19/05/2017;0.366
22/05/2017;0.395
23/05/2017;0.408
24/05/2017;0.401
25/05/2017;0.36
26/05/2017;0.328
29/05/2017;0.294
30/05/2017;0.29
31/05/2017;0.302
01/06/2017;0.303
02/06/2017;0.272
05/06/2017;0.285
06/06/2017;0.25
07/06/2017;0.267
08/06/2017;0.254
09/06/2017;0.261
12/06/2017;0.247
13/06/2017;0.265
14/06/2017;0.225
15/06/2017;0.281
16/06/2017;0.275
19/06/2017;0.279
20/06/2017;0.26
21/06/2017;0.264
22/06/2017;0.25
23/06/2017;0.253
26/06/2017;0.243
27/06/2017;0.368
28/06/2017;0.367
29/06/2017;0.45
30/06/2017;0.465
03/07/2017;0.475
04/07/2017;0.474
05/07/2017;0.468
06/07/2017;0.56
07/07/2017;0.571
10/07/2017;0.539
11/07/2017;0.548
12/07/2017;0.576
13/07/2017;0.6
14/07/2017;0.592
17/07/2017;0.578
18/07/2017;0.551
19/07/2017;0.54
20/07/2017;0.528
21/07/2017;0.505
24/07/2017;0.506
25/07/2017;0.564
26/07/2017;0.558
27/07/2017;0.534
28/07/2017;0.54
31/07/2017;0.541
01/08/2017;0.488
02/08/2017;0.483
03/08/2017;0.45
04/08/2017;0.466
07/08/2017;0.456
08/08/2017;0.472
09/08/2017;0.424
10/08/2017;0.412
11/08/2017;0.38
14/08/2017;0.404
15/08/2017;0.43
16/08/2017;0.442
17/08/2017;0.422
18/08/2017;0.413
21/08/2017;0.398
22/08/2017;0.398
23/08/2017;0.376
24/08/2017;0.374
25/08/2017;0.378
28/08/2017;0.374
29/08/2017;0.34
30/08/2017;0.357
31/08/2017;0.36
01/09/2017;0.376
04/09/2017;0.364
05/09/2017;0.336
06/09/2017;0.345
07/09/2017;0.304
08/09/2017;0.31
11/09/2017;0.334
12/09/2017;0.399
13/09/2017;0.399
14/09/2017;0.411
15/09/2017;0.43
18/09/2017;0.453
19/09/2017;0.45
20/09/2017;0.441
21/09/2017;0.453
22/09/2017;0.445
25/09/2017;0.399
26/09/2017;0.406
27/09/2017;0.466
28/09/2017;0.477
29/09/2017;0.462
02/10/2017;0.449
03/10/2017;0.46
04/10/2017;0.452
05/10/2017;0.454
06/10/2017;0.458
09/10/2017;0.442
10/10/2017;0.44
11/10/2017;0.461
12/10/2017;0.443
13/10/2017;0.402
16/10/2017;0.37
17/10/2017;0.363
18/10/2017;0.395
19/10/2017;0.394
20/10/2017;0.451
23/10/2017;0.43
24/10/2017;0.474
25/10/2017;0.48
26/10/2017;0.414
27/10/2017;0.382
30/10/2017;0.365
31/10/2017;0.362
01/11/2017;0.371
02/11/2017;0.371
03/11/2017;0.362
06/11/2017;0.334
07/11/2017;0.326
08/11/2017;0.325
09/11/2017;0.374
10/11/2017;0.409
13/11/2017;0.415
14/11/2017;0.396
15/11/2017;0.375
16/11/2017;0.375
17/11/2017;0.359
20/11/2017;0.361
21/11/2017;0.349
22/11/2017;0.348
23/11/2017;0.346
24/11/2017;0.359
27/11/2017;0.347
